date,puzzle_id,weekday,solve_time_secs,opened_unix,solved_unix,cheated
2024-03-31,21792,Sun,,,,false
2024-04-01,21790,Mon,840,1711998516,1711999465,false
2024-04-02,21797,Tue,790,1712080500,1712081330,false
2024-04-03,21765,Wed,1278,1712192527,1712194125,false
2024-04-04,21791,Thu,2751,1712250771,1712259678,false
2024-04-05,21798,Fri,3079,1712330355,1712338950,false
2024-04-06,21820,Sat,2146,1712428070,1712434584,false
2024-04-07,21802,Sun,3330,1712505492,1712518385,false
2024-04-08,21801,Mon,803,1712589031,1712592989,false
2024-04-09,21799,Tue,1523,1712671889,1712721176,false
2024-04-10,21789,Wed,1458,1712768254,1712783877,false
2024-04-11,21812,Thu,1997,1712854282,1712871321,false
2024-04-12,21805,Fri,3179,1712940275,1712969719,false
2024-04-13,21821,Sat,2685,1713035829,1713054276,false
2024-04-14,21819,Sun,3243,1713051711,1713125451,false
2024-04-15,21814,Mon,721,1713198786,1713199535,false
2024-04-16,21829,Tue,1308,1713283688,1713285221,false
2024-04-17,21816,Wed,2073,1713366722,1713406661,false
2024-04-18,21837,Thu,1677,1713451483,1713489145,false
2024-04-19,21836,Fri,1996,1713542237,1713570810,false
2024-04-20,21817,Sat,2436,1713628859,1713632434,false
2024-04-21,21830,Sun,3312,1713661187,1713748911,false
2024-04-22,21842,Mon,1145,1713799606,1713800892,false
2024-04-23,21843,Tue,994,1713840606,1713841599,false
2024-04-24,21831,Wed,1464,1713926570,1713969129,false
2024-04-25,21841,Thu,2345,1714054957,1714072663,false
2024-04-26,21846,Fri,2657,1714100254,1714159160,false
2024-04-27,21848,Sat,2528,1714229188,1714252556,false
2024-04-28,21844,Sun,3508,1714333555,1714430524,false
2024-04-29,21873,Mon,763,1714430534,1714431411,false
2024-04-30,21874,Tue,985,1714443007,1714446909,false
2024-05-01,21854,Wed,1343,1714534186,1714535612,false
2024-05-02,21855,Thu,1820,1714666448,1714670449,false
2024-05-03,21880,Fri,2378,1714702837,1714713376,false
2024-05-04,21800,Sat,2652,1714792574,1714858756,false
2024-05-05,21865,Sun,2919,1714871403,1714937298,false
2024-05-06,21893,Mon,379,1715004977,1715005402,false
2024-05-07,21884,Tue,877,1715094946,1715100979,false
2024-05-08,21887,Wed,1031,1715183423,1715184782,false
2024-05-09,21894,Thu,2048,1715266620,1715272808,false
2024-05-10,21891,Fri,1137,1715353538,1715358165,false
2024-05-11,21856,Sat,2015,1715397121,1715456958,false
2024-05-12,21889,Sun,4081,1715522367,1715547391,false
2024-05-13,21916,Mon,539,1715570382,1715570934,false
2024-05-14,21895,Tue,638,1715652281,1715717806,false
2024-05-15,21917,Wed,1421,1715796746,1715816442,false
2024-05-16,21898,Thu,2114,1715879781,1715896775,false
2024-05-17,21896,Fri,2187,1715955265,1715982505,false
2024-05-18,21815,Sat,1934,1715998828,1716059135,false
2024-05-19,21897,Sun,4782,1716140728,1716164542,false
2024-05-20,21892,Mon,388,1716225156,1716225544,false
2024-05-21,21918,Tue,915,1716308859,1716309830,false
2024-05-22,21928,Wed,1503,1716394060,1716435474,false
2024-05-23,21921,Thu,1500,1716481949,1716486285,false
2024-05-24,21919,Fri,764,1716518374,1716565897,false
2024-05-25,21929,Sat,2412,1716652528,1716657913,false
2024-05-26,21920,Sun,2360,1716740752,1716743480,false
2024-05-27,21925,Mon,535,1716775632,1716776167,false
2024-05-28,21927,Tue,1102,1716906489,1716907778,false
2024-05-29,21931,Wed,1205,1716992155,1716993694,false
2024-05-30,21922,Thu,2621,1717036621,1717163370,false
2024-05-31,21955,Fri,1432,1717163403,1717168654,false
2024-06-01,21930,Sat,2148,1717268772,1717273892,false
2024-06-02,21937,Sun,3516,1717347869,1717433780,false
2024-06-03,21963,Mon,614,1717433821,1717443098,false
2024-06-04,21948,Tue,935,1717472932,1717473867,false
2024-06-05,21903,Wed,1055,1717596749,1717598048,false
2024-06-06,21940,Thu,2118,1717681403,1717701138,false
2024-06-07,21939,Fri,2674,1717769431,1717791278,false
2024-06-08,21974,Sat,3361,1717861394,1717871288,false
2024-06-09,21956,Sun,2930,1717896247,1717940616,false
2024-06-10,21960,Mon,888,1717983924,1717985709,false
2024-06-11,21961,Tue,1089,1718130715,1718135070,false
2024-06-12,21962,Wed,1893,1718209757,1718223605,false
2024-06-13,21976,Thu,1958,1718288887,1718292337,false
2024-06-14,21977,Fri,3033,1718330443,1718335695,false
2024-06-15,21964,Sat,3293,1718473762,1718487452,false
2024-06-16,21975,Sun,4507,1718564805,1718591085,false
2024-06-17,21979,Mon,430,1718643372,1718643810,false
2024-06-18,21978,Tue,592,1718729779,1718750422,false
2024-06-19,21995,Wed,1550,1718801909,1718825361,false
2024-06-20,21981,Thu,2984,1718897009,1718907833,false
2024-06-21,21980,Fri,2182,1718977823,1718988329,false
2024-06-22,21973,Sat,2473,1719021856,1719081581,false
2024-06-23,21991,Sun,3232,1719097862,1719171414,false
2024-06-24,22006,Mon,724,1719194991,1719252686,false
2024-06-25,22016,Tue,1186,1719329457,1719332112,false
2024-06-26,22001,Wed,876,1719403734,1719437849,false
2024-06-27,21997,Thu,4427,1719496476,1719524904,false
2024-06-28,22011,Fri,2092,1719593170,1719603489,false
2024-06-29,22018,Sat,2511,1719633406,1719682111,false
2024-06-30,22013,Sun,4105,1719703662,1719796496,false
2024-07-01,22027,Mon,782,1719840321,1719841137,false
2024-07-02,22014,Tue,877,1719933066,1719935671,false
2024-07-03,22017,Wed,1182,1719975238,1720036829,false
2024-07-04,22041,Thu,2090,1720067615,1720119439,false
2024-07-05,22028,Fri,1366,1720217265,1720273732,false
2024-07-06,22000,Sat,2393,1720273739,1720302664,false
2024-07-07,22033,Sun,3029,1720372613,1720385811,false
2024-07-08,22029,Mon,862,1720446208,1720448868,false
2024-07-09,22032,Tue,1555,1720532949,1720537590,false
2024-07-10,22031,Wed,2083,1720579785,1720583374,false
2024-07-11,22015,Thu,3057,1720704679,1720752724,false
2024-07-12,22043,Fri,1859,1720752765,1720805137,false
2024-07-13,22044,Sat,2103,1720888171,1720906704,false
2024-07-14,22030,Sun,2701,1720925679,1721000911,false
2024-07-15,22048,Mon,663,1720995690,1721012026,false
2024-07-16,22058,Tue,1291,1721136618,1721185346,false
2024-07-17,21998,Wed,1273,1721185381,1721238540,false
2024-07-18,22046,Thu,1912,1721319259,1721323223,false
2024-07-19,22045,Fri,2113,1721398430,1721431409,false
2024-07-20,22047,Sat,2456,1721485887,1721515644,false
2024-07-21,22050,Sun,2585,1721523866,1721534929,false
2024-07-22,22083,Mon,712,1721616051,1721616898,false
2024-07-23,22072,Tue,934,1721747323,1721754168,false
2024-07-24,22049,Wed,980,1721830675,1721865862,false
2024-07-25,22073,Thu,1700,1721918033,1721938368,false
2024-07-26,22074,Fri,1368,1722006580,1722033398,false
2024-07-27,22077,Sat,2658,1722092825,1722133907,false
2024-07-28,22061,Sun,2724,1722215304,1722219955,false
2024-07-29,22086,Mon,560,1722266179,1722269861,false
2024-07-30,22084,Tue,566,1722378771,1722385656,false
2024-07-31,22085,Wed,1626,1722455318,1722477896,false
2024-08-01,22092,Thu,3161,1722536339,1722564393,false
2024-08-02,22093,Fri,2363,1722615411,1722651565,false
2024-08-03,22094,Sat,2161,1722718708,1722727676,false
2024-08-04,22087,Sun,4336,1722737440,1722815440,false
2024-08-05,22101,Mon,489,1722874880,1722875781,false
2024-08-06,22113,Tue,1080,1722956159,1722959745,false
2024-08-07,22096,Wed,1737,1723055138,1723057488,false
2024-08-08,22109,Thu,1997,1723143017,1723146004,false
2024-08-09,22114,Fri,2072,1723169444,1723235309,false
2024-08-10,22110,Sat,2057,1723259729,1723262620,false
2024-08-11,22098,Sun,5140,1723388544,1723408287,false
2024-08-12,22119,Mon,581,1723488344,1723488999,false
2024-08-13,22118,Tue,1495,1723576332,1723578031,false
2024-08-14,22122,Wed,1043,1723657906,1723659069,false
2024-08-15,22117,Thu,2491,1723688578,1723743050,false
2024-08-16,22095,Fri,2085,1723834772,1723846171,false
2024-08-17,22120,Sat,2530,1723860184,1723863369,false
2024-08-18,22129,Sun,2305,1724006554,1724009249,false
2024-08-19,22133,Mon,766,1724122142,1724122969,false
2024-08-20,22139,Tue,1097,1724169940,1724171215,false
2024-08-21,22130,Wed,990,1724213821,1724257037,false
2024-08-22,22137,Thu,2204,1724336549,1724345408,false
2024-08-23,22131,Fri,1065,1724424965,1724434615,false
2024-08-24,22138,Sat,1436,1724526012,1724536884,false
2024-08-25,22134,Sun,3187,1724600533,1724625456,false
2024-08-26,22159,Mon,560,1724681260,1724681819,false
2024-08-27,22152,Tue,968,1724779748,1724797291,false
2024-08-28,22158,Wed,1485,1724858282,1724872040,false
2024-08-29,22160,Thu,2673,1724940533,1724953731,false
2024-08-30,22132,Fri,2515,1724989653,1725041146,false
2024-08-31,22161,Sat,2040,1725121205,1725149754,false
2024-09-01,22163,Sun,2820,1725224866,1725231359,false
2024-09-02,22170,Mon,618,1725298570,1725299189,false
2024-09-03,22097,Tue,848,1725331720,1725372443,false
2024-09-04,22186,Wed,1199,1725470804,1725481862,false
2024-09-05,22172,Thu,1720,1725549498,1725581365,false
2024-09-06,22162,Fri,1929,1725637296,1725660467,false
2024-09-07,22174,Sat,1719,1725735110,1725740881,false
2024-09-08,22199,Sun,2791,1725815300,1725849087,false
2024-09-09,22197,Mon,575,1725900325,1725902725,false
2024-09-10,22182,Tue,1210,1725939588,1726009293,false
2024-09-11,22198,Wed,1928,1726063717,1726091511,false
2024-09-12,22184,Thu,1039,1726153479,1726170737,false
2024-09-13,22185,Fri,2182,1726237909,1726261007,false
2024-09-14,22183,Sat,1931,1726324738,1726339079,false
2024-09-15,22200,Sun,6289,1726362760,1726370994,false
2024-09-16,22201,Mon,717,1726495344,1726499321,false
2024-09-17,22211,Tue,906,1726582183,1726595544,false
2024-09-18,22208,Wed,1646,1726664283,1726666540,false
2024-09-19,22202,Thu,1887,1726769853,1726801926,false
2024-09-20,22203,Fri,2063,1726849801,1726867338,false
2024-09-21,22209,Sat,2083,1726934232,1726937799,false
2024-09-22,22173,Sun,3049,1727021656,1727033734,false
2024-09-23,22224,Mon,490,1727100578,1727101068,false
2024-09-24,22217,Tue,912,1727189121,1727191083,false
2024-09-25,22226,Wed,1856,1727275877,1727281504,false
2024-09-26,22225,Thu,1764,1727359043,1727375104,false
2024-09-27,22223,Fri,2905,1727452613,1727493251,false
2024-09-28,22219,Sat,1942,1727542897,1727576170,false
2024-09-29,22227,Sun,4565,1727618136,1727659516,false
2024-09-30,22246,Mon,432,1727715973,1727716484,false
2024-10-01,22245,Tue,962,1727804829,1727814042,false
2024-10-02,22243,Wed,1380,1727835710,1727896039,false
2024-10-03,22247,Thu,1940,1727976321,1727990531,false
2024-10-04,22238,Fri,2270,1728044223,1728107426,false
2024-10-05,22244,Sat,2150,1728140591,1728150905,false
2024-10-06,22105,Sun,3714,1728185485,1728270444,false
2024-10-07,22248,Mon,618,1728317486,1728318108,false
2024-10-08,22252,Tue,976,1728401037,1728403356,false
2024-10-09,22250,Wed,902,1728485252,1728486338,false
2024-10-10,22249,Thu,3472,1728576656,1728604692,false
2024-10-11,22251,Fri,3273,1728614577,1728660448,false
2024-10-12,22253,Sat,3926,1728702122,1728752935,false
2024-10-13,22235,Sun,3990,1728831223,1728842462,false
2024-10-14,22274,Mon,441,1728920759,1728921309,false
2024-10-15,22284,Tue,857,1729002364,1729011526,false
2024-10-16,22257,Wed,1164,1729088917,1729098503,false
2024-10-17,22265,Thu,1904,1729133905,1729183837,false
2024-10-18,22285,Fri,1718,1729256343,1729270797,false
2024-10-19,22275,Sat,2427,1729307184,1729378827,false
2024-10-20,22254,Sun,5544,1729460042,1729478383,false
2024-10-21,22293,Mon,797,1729529328,1729530129,false
2024-10-22,22298,Tue,1126,1729616899,1729623304,false
2024-10-23,22286,Wed,1346,1729693633,1729713417,false
2024-10-24,22276,Thu,1822,1729779525,1729832622,false
2024-10-25,22299,Fri,1330,1729876514,1729909268,false
2024-10-26,22296,Sat,2501,1729953558,1729983926,false
2024-10-27,22292,Sun,3305,1730057339,1730082542,false
2024-10-28,22332,Mon,391,1730116214,1730116604,false
2024-10-29,22310,Tue,981,1730233199,1730275201,false
2024-10-30,22294,Wed,1445,1730276040,1730308923,false
2024-10-31,22322,Thu,2478,1730370549,1730390548,false
2024-11-01,22323,Fri,2180,1730426866,1730481248,false
2024-11-02,22318,Sat,1563,1730514928,1730643661,false
2024-11-03,22309,Sun,3575,1730643669,1730699287,false
2024-11-04,22319,Mon,802,1730740953,1730741814,false
2024-11-05,22287,Tue,1037,1730827268,1730828361,false
2024-11-06,22297,Wed,1924,1730862595,1730925564,false
2024-11-07,22340,Thu,2077,1730995678,1731042066,false
2024-11-08,22351,Fri,1970,1731085137,1731124839,false
2024-11-09,22343,Sat,2098,1731176203,1731206100,false
2024-11-10,22329,Sun,2402,1731265096,1731307037,false
2024-11-11,22321,Mon,410,1731352561,1731355587,false
2024-11-12,22339,Tue,536,1731431727,1731435775,false
2024-11-13,22347,Wed,1595,1731511053,1731520474,false
2024-11-14,22288,Thu,2167,1731597624,1731615025,false
2024-11-15,22356,Fri,1507,1731641335,1731720953,false
2024-11-16,22350,Sat,3068,1731774021,1731805090,false
2024-11-17,22330,Sun,1907,1731857421,1731875240,false
2024-11-18,22345,Mon,657,1731956470,1731969760,false
2024-11-19,22373,Tue,870,1731990281,1731991244,false
2024-11-20,22361,Wed,859,1732114835,1732116354,false
2024-11-21,22374,Thu,2430,1732159457,1732202132,false
2024-11-22,22371,Fri,2818,1732297518,1732302279,false
2024-11-23,22376,Sat,1356,1732384468,1732403143,false
2024-11-24,22352,Sun,3250,1732474114,1732508808,false
2024-11-25,22362,Mon,383,1732551184,1732551566,false
2024-11-26,22370,Tue,738,1732636207,1732636988,false
2024-11-27,22398,Wed,1650,1732730023,1732735662,false
2024-11-28,22397,Thu,2312,1732802792,1732819932,false
2024-11-29,22378,Fri,1625,1732905616,1732912012,false
2024-11-30,22379,Sat,1878,1732984376,1732986909,false
2024-12-01,22375,Sun,3048,1733071738,1733089123,false
2024-12-02,22409,Mon,715,1733153224,1733168896,false
2024-12-03,22372,Tue,916,1733242716,1733243747,false
2024-12-04,22416,Wed,1012,1733283055,1733340364,false
2024-12-05,22405,Thu,1489,1733453344,1733456616,false
2024-12-06,22396,Fri,1353,1733495204,1733523222,false
2024-12-07,22404,Sat,2263,1733585976,1733656253,false
2024-12-08,22406,Sun,3211,1733683455,1733696395,false
2024-12-09,22400,Mon,694,1733713458,1733714151,false
2024-12-10,22402,Tue,968,1733801584,1733849567,false
2024-12-11,22395,Wed,770,1733933859,1733945942,false
2024-12-12,22401,Thu,1221,1734018546,1734055502,false
2024-12-13,22415,Fri,1708,1734101897,1734134708,false
2024-12-14,22417,Sat,2206,1734199081,1734207469,false
2024-12-15,22414,Sun,4866,1734276114,1734292994,false
2024-12-16,22411,Mon,349,1734306414,1734306762,false
2024-12-17,22434,Tue,792,1734462989,1734467918,false
2024-12-18,22380,Wed,854,1734535301,1734546260,false
2024-12-19,22440,Thu,1359,1734624006,1734640157,false
2024-12-20,22441,Fri,1679,1734707467,1734755563,false
2024-12-21,22432,Sat,4328,1734795212,1734802772,false
2024-12-22,22433,Sun,3061,1734883819,1734892669,false
2024-12-23,22431,Mon,824,1734920730,1734925281,false
2024-12-24,22435,Tue,799,1735055129,1735055994,false
2024-12-25,22443,Wed,1632,1735099323,1735142561,false
2024-12-26,22456,Thu,1118,1735226591,1735237329,false
2024-12-27,22457,Fri,1153,1735356661,1735358041,false
2024-12-28,22455,Sat,1519,1735405334,1735421296,false
2024-12-29,22460,Sun,2053,1735428361,1735431953,false
2024-12-30,22289,Mon,656,1735514393,1735515049,false
2024-12-31,22290,Tue,949,1735618235,1735622410,false
2025-01-01,22291,Wed,1011,1735747465,1735768034,false
2025-01-02,22295,Thu,1832,1735836367,1735857322,false
2025-01-03,22324,Fri,1392,1735922857,1735944137,false
2025-01-04,22333,Sat,2428,1736007500,1736017585,false
2025-01-05,22484,Sun,3288,1736102249,1736127193,false
2025-01-06,22317,Mon,479,1736182744,1736186997,false
2025-01-07,22315,Tue,1290,1736275841,1736288719,false
2025-01-08,22316,Wed,1654,1736354625,1736359753,false
2025-01-09,22320,Thu,2274,1736449758,1736455258,false
2025-01-10,22341,Fri,2084,1736529051,1736535869,false
2025-01-11,22334,Sat,1970,1736622406,1736628877,false
2025-01-12,22494,Sun,2580,1736713586,1736742490,false
2025-01-13,22336,Mon,635,1736783537,1736784293,false
2025-01-14,22337,Tue,922,1736879041,1736914243,false
2025-01-15,22338,Wed,1137,1736968637,1736970416,false
2025-01-16,22377,Thu,1514,1736996880,1736998598,false
2025-01-17,22399,Fri,1685,1737132909,1737140045,false
2025-01-18,22407,Sat,1990,1737223272,1737240429,false
2025-01-19,22510,Sun,3422,1737309657,1737328032,false
2025-01-20,22382,Mon,601,1737337529,1737391928,false
2025-01-21,22383,Tue,813,1737433001,1737433876,false
2025-01-22,22384,Wed,1430,1737518044,1737580330,false
2025-01-23,22493,Thu,1725,1737648079,1737681040,false
2025-01-24,22413,Fri,1947,1737755738,1737761662,false
2025-01-25,22459,Sat,2526,1737819090,1737836602,false
2025-01-26,22509,Sun,3875,1737922408,1737933752,false
2025-01-27,22392,Mon,619,1737994639,1737998212,false
2025-01-28,22393,Tue,1223,1738081043,1738087357,false
2025-01-29,22394,Wed,1872,1738180346,1738182491,false
2025-01-30,22458,Thu,1838,1738258036,1738285792,false
2025-01-31,22492,Fri,1678,1738350958,1738378071,false
2025-02-01,22537,Sat,1796,1738432367,1738434963,false
2025-02-02,22528,Sun,4381,1738515441,1738526866,false
2025-02-03,22426,Mon,773,1738605449,1738606223,false
2025-02-04,22427,Tue,995,1738690138,1738693582,false
2025-02-05,22470,Wed,1616,1738766217,1738812722,false
2025-02-06,22521,Thu,1574,1738877981,1738880600,false
2025-02-07,22520,Fri,739,1738970963,1739019851,false
2025-02-08,22518,Sat,1340,1739019865,1739073360,false
2025-02-09,22556,Sun,2690,1739130358,1739138078,false
2025-02-10,22560,Mon,529,1739201981,1739202525,false
2025-02-11,22430,Tue,811,1739302586,1739303397,false
2025-02-12,22412,Wed,1557,1739402883,1739404734,false
2025-02-13,22554,Thu,1718,1739478573,1739490945,false
2025-02-14,22553,Fri,1010,1739579264,1739581827,false
2025-02-15,22551,Sat,3125,1739614923,1739631770,false
2025-02-16,22550,Sun,3678,1739710390,1739761822,false
2025-02-17,22429,Mon,576,1739818368,1739818945,false
2025-02-18,22471,Tue,572,1739896873,1739923942,false
2025-02-19,22472,Wed,,1740010798,1740021636,true
2025-02-20,22562,Thu,1484,1740024772,1740026344,false
2025-02-21,22564,Fri,1538,1740152432,1740155060,false
2025-02-22,22555,Sat,2504,1740233444,1740238959,false
2025-02-23,22565,Sun,3077,1740326092,1740335871,false
2025-02-24,22473,Mon,867,1740351647,1740352513,false
2025-02-25,22474,Tue,741,1740512430,1740591706,false
2025-02-26,22475,Wed,2574,1740591713,1740630292,false
2025-02-27,22461,Thu,1334,1740686077,1740706462,false
2025-02-28,22566,Fri,960,1740781985,1740786105,false
2025-03-01,22586,Sat,2011,1740842973,1740865665,false
2025-03-02,22569,Sun,3015,1740879283,1740886214,false
2025-03-03,22607,Mon,356,1740960278,1740963013,false
2025-03-04,22588,Tue,559,1741125634,1741145972,false
2025-03-05,22587,Wed,1192,1741184389,1741205255,false
2025-03-06,22567,Thu,2218,1741273442,1741305454,false
2025-03-07,22577,Fri,1229,1741360859,1741400838,false
2025-03-08,22578,Sat,2228,1741456332,1741459089,false
2025-03-09,22590,Sun,3507,1741549838,1741578223,false
2025-03-10,22591,Mon,515,1741628997,1741629512,false
2025-03-11,22589,Tue,867,1741711269,1741746113,false
2025-03-12,22592,Wed,854,1741804194,1741834206,false
2025-03-13,22604,Thu,1963,1741903260,1741915102,false
2025-03-14,22593,Fri,1343,1741970010,1742007022,false
2025-03-15,22605,Sat,2413,1742047986,1742054858,false
2025-03-16,22603,Sun,3710,1742136137,1742184553,false
2025-03-17,22653,Mon,749,1742255968,1742263951,false
2025-03-18,22606,Tue,520,1742300341,1742300861,false
2025-03-19,22627,Wed,643,1742414186,1742439433,false
2025-03-20,22625,Thu,1217,1742489409,1742508685,false
2025-03-21,22622,Fri,1816,1742548303,1742584765,false
2025-03-22,22654,Sat,1612,1742668636,1742740418,false
2025-03-23,22636,Sun,4003,1742766145,1742786325,false
2025-03-24,22568,Mon,386,1742824203,1742824590,false
2025-03-25,22672,Tue,815,1742869325,1742948041,false
2025-03-26,22673,Wed,938,1743017909,1743042731,false
2025-03-27,22646,Thu,2098,1743094368,1743127336,false
2025-03-28,22624,Fri,1545,1743192957,1743203675,false
2025-03-29,22674,Sat,2064,1743259083,1743309468,false
2025-03-30,22652,Sun,2319,1743348820,1743430419,false
2025-03-31,22675,Mon,455,1743446783,1743447316,false
2025-04-01,22676,Tue,696,1743526037,1743526939,false
2025-04-02,22677,Wed,1906,1743612214,1743619050,false
2025-04-03,22664,Thu,1036,1743691559,1743708354,false
2025-04-04,22651,Fri,1643,1743781992,1743850077,false
2025-04-05,22663,Sat,1065,1743873110,1743874175,false
2025-04-06,22669,Sun,3447,1743952336,1743965735,false
2025-04-07,22688,Mon,549,1744041382,1744124252,false
2025-04-08,22689,Tue,1062,1744131510,1744169321,false
2025-04-09,22671,Wed,1487,1744247289,1744253311,false
2025-04-10,22670,Thu,820,1744311792,1744333301,false
2025-04-11,22691,Fri,1525,1744425670,1744427285,false
2025-04-12,22695,Sat,1663,1744465389,1744477147,false
2025-04-13,22679,Sun,2233,1744564015,1744592596,false
2025-04-14,22696,Mon,353,1744660123,1744660477,false
2025-04-15,22678,Tue,544,1744735543,1744740057,false
2025-04-16,22687,Wed,1624,1744817960,1744861945,false
2025-04-17,22697,Thu,1544,1744901761,1744936130,false
2025-04-18,22681,Fri,1009,1744993859,1745009563,false
2025-04-19,22698,Sat,1674,1745074993,1745169826,false
2025-04-20,22692,Sun,3456,1745170075,1745182995,false
2025-04-21,22726,Mon,864,1745252023,1745294427,false
2025-04-22,22700,Tue,652,1745324431,1745362701,false
2025-04-23,22727,Wed,683,1745379925,1745380610,false
2025-04-24,22725,Thu,1639,1745511857,1745554667,false
2025-04-25,22733,Fri,1734,1745612012,1745631923,false
2025-04-26,22711,Sat,2198,1745683061,1745712959,false
2025-04-27,22704,Sun,1640,1745780788,1745810255,false
2025-04-28,22699,Mon,430,1745858197,1745858785,false
2025-04-29,22709,Tue,1107,1745933912,1745950616,false
2025-04-30,22748,Wed,748,1746025662,1746048788,false
2025-05-01,22764,Thu,852,1746106051,1746119128,false
2025-05-02,22750,Fri,2351,1746199543,1746246116,false
2025-05-03,22724,Sat,2178,1746276325,1746308842,false
2025-05-04,22768,Sun,2353,1746311206,1746332281,false
2025-05-05,22758,Mon,413,1746417591,1746418069,false
2025-05-06,22763,Tue,673,1746547807,1746548481,false
2025-05-07,22761,Wed,1023,1746627552,1746628589,false
2025-05-08,22742,Thu,1667,1746722094,1746762647,false
2025-05-09,22743,Fri,2184,1746805910,1746844420,false
2025-05-10,22762,Sat,1800,1746887998,1746933060,false
2025-05-11,22746,Sun,3546,1746975036,1747011924,false
2025-05-12,22795,Mon,567,1747062477,1747063068,false
2025-05-13,22747,Tue,557,1747148156,1747194967,false
2025-05-14,22796,Wed,1441,1747228208,1747274294,false
2025-05-15,22749,Thu,1924,1747320214,1747366654,false
2025-05-16,22756,Fri,2099,1747411283,1747423085,false
2025-05-17,22760,Sat,2829,1747490406,1747525226,false
2025-05-18,22757,Sun,4803,1747537212,1747603853,false
2025-05-19,22797,Mon,472,1747667751,1747676698,false
2025-05-20,22745,Tue,1009,1747754811,1747761310,false
2025-05-21,22789,Wed,772,1747855432,1747856211,false
2025-05-22,22798,Thu,1758,1747929218,1747951272,false
2025-05-23,22774,Fri,1114,1748008530,1748039321,false
2025-05-24,22744,Sat,1183,1748108549,1748110294,false
2025-05-25,22781,Sun,1277,1748205839,1748272860,false
2025-05-26,22775,Mon,894,1748272870,1748273763,false
2025-05-27,22819,Tue,1052,1748312988,1748314087,false
2025-05-28,22809,Wed,1448,1748457050,1748477865,false
2025-05-29,22820,Thu,2060,1748535353,1748577329,false
2025-05-30,22810,Fri,1543,1748618958,1748671402,false
2025-05-31,22815,Sat,1856,1748714312,1748731296,false
2025-06-01,22732,Sun,3319,1748793374,1748831771,false
2025-06-02,22813,Mon,427,1748885430,1748885856,false
2025-06-03,22834,Tue,858,1748964128,1748971528,false
2025-06-04,22814,Wed,1362,1749056382,1749069424,false
2025-06-05,22835,Thu,2031,1749137999,1749178421,false
2025-06-06,22836,Fri,2105,1749222540,1749261405,false
2025-06-07,22837,Sat,3492,1749320130,1749338524,false
2025-06-08,22808,Sun,3533,1749389633,1749407752,false
2025-06-09,22881,Mon,568,1749421935,1749422503,false
2025-06-10,22859,Tue,977,1749523637,1749573404,false
2025-06-11,22845,Wed,927,1749663742,1749666010,false
2025-06-12,22852,Thu,1117,1749695895,1749776941,false
2025-06-13,22860,Fri,1831,1749784741,1749869055,false
2025-06-14,22861,Sat,3232,1749904328,1749919781,false
2025-06-15,22816,Sun,4517,1749948541,1750027423,false
2025-06-16,22886,Mon,522,1750082816,1750087699,false
2025-06-17,22882,Tue,662,1750169016,1750178716,false
2025-06-18,22880,Wed,1205,1750213066,1750263462,false
2025-06-19,22883,Thu,1694,1750299975,1750378079,false
2025-06-20,22853,Fri,1837,1750431690,1750472788,false
2025-06-21,22884,Sat,1869,1750475742,1750525893,false
2025-06-22,22892,Sun,3753,1750610759,1750621763,false
2025-06-23,22895,Mon,757,1750717706,1750737107,false
2025-06-24,22849,Tue,810,1750777752,1750814824,false
2025-06-25,22896,Wed,1231,1750866670,1750894508,false
2025-06-26,22894,Thu,2121,1750944196,1750995464,false
2025-06-27,22893,Fri,1160,1751036506,1751058347,false
2025-06-28,22887,Sat,2223,1751129460,1751143699,false
2025-06-29,22840,Sun,2881,1751178748,1751245636,false
2025-06-30,22914,Mon,431,1751298428,1751298859,false
2025-07-01,22913,Tue,516,1751389772,1751395979,false
2025-07-02,22911,Wed,628,1751472945,1751473757,false
2025-07-03,22909,Thu,1389,1751544740,1751553492,false
2025-07-04,22912,Fri,1257,1751638687,1751654089,false
2025-07-05,22910,Sat,1577,1751727971,1751734285,false
2025-07-06,22885,Sun,2364,1751817178,1751838640,false
2025-07-07,22924,Mon,1041,1751848038,1751899126,false
2025-07-08,22925,Tue,1050,1751942667,1751944051,false
2025-07-09,22928,Wed,1235,1752086504,1752107927,false
2025-07-10,22945,Thu,2319,1752174525,1752203774,false
2025-07-11,22929,Fri,1214,1752245770,1752288088,false
2025-07-12,22931,Sat,3388,1752340867,1752349314,false
2025-07-13,22930,Sun,3496,1752360394,1752419013,false
2025-07-14,22946,Mon,571,1752512150,1752512733,false
2025-07-15,22952,Tue,986,1752595074,1752602256,false
2025-07-16,22926,Wed,559,1752675446,1752688782,false
2025-07-17,22947,Thu,2012,1752770154,1752809323,false
2025-07-18,22954,Fri,1776,1752863994,1752886244,false
2025-07-19,22923,Sat,1913,1752908699,1752958971,false
2025-07-20,22927,Sun,3232,1753024736,1753057083,false
2025-07-21,22984,Mon,326,1753106098,1753111434,false
2025-07-22,22985,Tue,425,1753153080,1753153564,false
2025-07-23,22951,Wed,768,1753310326,1753323605,false
2025-07-24,22949,Thu,1388,1753324485,1753375046,false
2025-07-25,22953,Fri,1279,1753458502,1753497449,false
2025-07-26,22965,Sat,1504,1753542089,1753545786,false
2025-07-27,22986,Sun,2219,1753645063,1753647708,false
2025-07-28,23001,Mon,998,1753665799,1753713830,false
2025-07-29,22983,Tue,601,1753799861,1753801058,false
2025-07-30,22987,Wed,938,1753897491,1753913113,false
2025-07-31,22990,Thu,1831,1753927229,1754005923,false
2025-08-01,22967,Fri,1092,1754056907,1754060802,false
2025-08-02,23003,Sat,1581,1754140075,1754171944,false
2025-08-03,22970,Sun,2305,1754226413,1754259496,false
2025-08-04,23002,Mon,714,1754346920,1754347783,false
2025-08-05,23023,Tue,1200,1754411164,1754412877,false
2025-08-06,23024,Wed,935,1754503083,1754526733,false
2025-08-07,23000,Thu,2125,1754582454,1754612498,false
2025-08-08,23015,Fri,2052,1754677017,1754704266,false
2025-08-09,23013,Sat,1150,1754752590,1754766998,false
2025-08-10,23006,Sun,2066,1754871422,1754873695,false
2025-08-11,23025,Mon,684,1754932328,1754950430,false
2025-08-12,23036,Tue,609,1755004437,1755011119,false
2025-08-13,23037,Wed,559,1755122195,1755125148,false
2025-08-14,23038,Thu,802,1755211358,1755212471,false
2025-08-15,23039,Fri,1103,1755288517,1755300022,false
2025-08-16,23040,Sat,1518,1755358235,1755391578,false
2025-08-17,23026,Sun,2064,1755395525,1755473656,false
2025-08-18,23027,Mon,374,1755549600,1755550034,false
2025-08-19,23022,Tue,893,1755609004,1755656973,false
2025-08-20,23031,Wed,602,1755726629,1755727785,false
2025-08-21,23033,Thu,2454,1755781791,1755833643,false
2025-08-22,23056,Fri,1376,1755879269,1755921689,false
2025-08-23,23057,Sat,1776,1755974508,1755981279,false
2025-08-24,23028,Sun,2506,1755992581,1756055675,false
2025-08-25,23030,Mon,346,1756145741,1756161778,false
2025-08-26,23055,Tue,898,1756221871,1756250669,false
2025-08-27,23032,Wed,809,1756309439,1756318429,false
2025-08-28,23059,Thu,1781,1756396707,1756409457,false
2025-08-29,22850,Fri,2792,1756439690,1756503852,false
2025-08-30,23060,Sat,1990,1756531720,1756569236,false
2025-08-31,23034,Sun,2391,1756595604,1756599702,false
2025-09-01,23029,Mon,429,1756679228,1756679694,false
2025-09-02,23063,Tue,521,1756831282,1756843818,false
2025-09-03,23064,Wed,959,1756909298,1756940734,false
2025-09-04,23062,Thu,1874,1756994961,1757023529,false
2025-09-05,23042,Fri,1163,1757077412,1757113859,false
2025-09-06,23035,Sat,2041,1757173893,1757177964,false
2025-09-07,23065,Sun,3637,1757212837,1757261557,false
2025-09-08,23084,Mon,413,1757297481,1757349957,false
2025-09-09,23085,Tue,607,1757454360,1757457272,false
2025-09-10,23086,Wed,804,1757509143,1757537515,false
2025-09-11,23087,Thu,1127,1757603134,1757623589,false
2025-09-12,23088,Fri,1259,1757684141,1757707642,false
2025-09-13,23089,Sat,1924,1757729852,1757784692,false
2025-09-14,23090,Sun,2205,1757801796,1757867902,false
2025-09-15,23096,Mon,356,1757891539,1757891897,false
2025-09-16,23097,Tue,522,1758033785,1758034307,false
2025-09-17,23095,Wed,1185,1758076282,1758080089,false
2025-09-18,23098,Thu,1377,1758161800,1758225411,false
2025-09-19,23099,Fri,1145,1758292523,1758311097,false
2025-09-20,23100,Sat,2717,1758377848,1758389986,false
2025-09-21,23101,Sun,2333,1758412378,1758467642,false
2025-09-22,23113,Mon,441,1758496013,1758496454,false
2025-09-23,23114,Tue,1123,1758594903,1758645923,false
2025-09-24,23115,Wed,884,1758684960,1758685919,false
2025-09-25,23116,Thu,1283,1758824203,1758827810,false
2025-09-26,23117,Fri,1938,1758905827,1758919680,false
2025-09-27,23118,Sat,2685,1758941574,1758982819,false
2025-09-28,23119,Sun,2377,1759026830,1759076062,false
2025-09-29,23122,Mon,388,1759104005,1759104393,false
2025-09-30,23123,Tue,570,1759199566,1759249193,false
2025-10-01,23121,Wed,840,1759284346,1759292114,false
2025-10-02,23130,Thu,976,1759433658,1759439231,false
2025-10-03,23129,Fri,1905,1759527686,1759531668,false
2025-10-04,23128,Sat,2032,1759598463,1759606065,false
2025-10-05,23133,Sun,2595,1759622276,1759691507,false
2025-10-06,23153,Mon,363,1759702548,1759702912,false
2025-10-07,23159,Tue,639,1759850588,1759873531,false
2025-10-08,23146,Wed,751,1759933204,1759950329,false
2025-10-09,23158,Thu,2110,1760037598,1760047781,false
2025-10-10,23163,Fri,824,1760062450,1760110937,false
2025-10-11,23162,Sat,1779,1760197104,1760200380,false
2025-10-12,23161,Sun,2960,1760284943,1760291567,false
2025-10-13,23164,Mon,660,1760372547,1760373222,false
2025-10-14,23177,Tue,803,1760456874,1760460442,false
2025-10-15,23178,Wed,1257,1760537991,1760546634,false
2025-10-16,23179,Thu,1571,1760638538,1760656073,false
2025-10-17,23167,Fri,967,1760676035,1760680047,false
2025-10-18,23165,Sat,2632,1760795240,1760808092,false
2025-10-19,23182,Sun,2579,1760830639,1760847535,false
2025-10-20,23200,Mon,353,1760914514,1760915195,false
2025-10-21,23168,Tue,540,1761165829,1761166444,false
2025-10-22,23201,Wed,628,1761166557,1761168695,false
2025-10-23,23197,Thu,896,1761209698,1761212112,false
2025-10-24,23166,Fri,2870,1761274786,1761346196,false
2025-10-25,23249,Sat,1788,1761405609,1761423323,false
2025-10-26,23189,Sun,2227,1761433305,1761436015,false
2025-10-27,23188,Mon,308,1761528948,1761530661,false
2025-10-28,23203,Tue,1068,1761621999,1761623164,false
2025-10-29,23207,Wed,740,1761705659,1761709406,false
2025-10-30,23202,Thu,1528,1761792395,1761794955,false
2025-10-31,23187,Fri,1439,1761878035,1761879564,false
2025-11-01,23191,Sat,1858,1761969633,1762011897,false
2025-11-02,23204,Sun,2249,1762137832,1762140727,false
2025-11-03,23224,Mon,401,1762181385,1762210445,false
2025-11-04,23225,Tue,781,1762269836,1762270758,false
2025-11-05,23219,Wed,759,1762350807,1762400485,false
2025-11-06,23213,Thu,838,1762400878,1762402108,false
2025-11-07,23239,Fri,1882,1762573203,1762577401,false
2025-11-08,23223,Sat,1133,1762612971,1762614307,false
2025-11-09,23222,Sun,1823,1762657018,1762732263,false
2025-11-10,23240,Mon,567,1762787082,1762813318,false
2025-11-11,23244,Tue,898,1762831431,1762833516,false
2025-11-12,23232,Wed,1076,1762916537,1762917759,false
2025-11-13,23246,Thu,1003,1763003452,1763004554,false
2025-11-14,23198,Fri,513,1763125947,1763126499,false
2025-11-15,23245,Sat,1862,1763224776,1763239651,false
2025-11-16,23242,Sun,2409,1763256323,1763312764,false
2025-11-17,23277,Mon,376,1763404216,1763432764,false
2025-11-18,23276,Tue,530,1763493487,1763502034,false
2025-11-19,23274,Wed,682,1763568573,1763569340,false
2025-11-20,23275,Thu,1138,1763665879,1763668241,false
2025-11-21,23216,Fri,1947,1763739662,1763773028,false
2025-11-22,23273,Sat,2113,1763824298,1763827962,false
2025-11-23,23233,Sun,3289,1763905358,1763923011,false
2025-11-24,23301,Mon,359,1763951011,1763951371,false
2025-11-25,23293,Tue,746,1764083959,1764092761,false
2025-11-26,23290,Wed,631,1764176278,1764180525,false
2025-11-27,23302,Thu,1007,1764261575,1764262750,false
2025-11-28,23243,Fri,913,1764299231,1764356044,false
2025-11-29,23291,Sat,2072,1764387144,1764440597,false
2025-11-30,23303,Sun,1785,1764461835,1764470657,false
2025-12-01,23318,Mon,487,1764605101,1764609341,false
2025-12-02,23319,Tue,665,1764684008,1764688553,false
2025-12-03,23312,Wed,1094,1764791345,1764801647,false
2025-12-04,23320,Thu,1170,1764859426,1764861008,false
2025-12-05,23307,Fri,1556,1764972021,1764974050,false
2025-12-06,23330,Sat,989,1765050378,1765052472,false
2025-12-07,23313,Sun,2692,1765135938,1765139146,false
2025-12-08,23315,Mon,634,1765155442,1765156076,false
2025-12-09,23306,Tue,697,1765253734,1765255450,false
2025-12-10,23316,Wed,835,1765411998,1765415714,false
2025-12-11,23321,Thu,1047,1765499127,1765500840,false
2025-12-12,23349,Fri,1518,1765556791,1765591366,false
2025-12-13,23323,Sat,2565,1765638594,1765641523,false
2025-12-14,23324,Sun,1686,1765668632,1765681938,false
2025-12-15,23343,Mon,494,1765840600,1765841095,false
2025-12-16,23365,Tue,604,1765919971,1765931903,false
2025-12-17,23380,Wed,1377,1765981046,1766011337,false
2025-12-18,23378,Thu,1567,1766069662,1766073719,false
2025-12-19,23322,Fri,1224,1766159300,1766176955,false
2025-12-20,23372,Sat,2081,1766245524,1766252736,false
2025-12-21,23377,Sun,3684,1766275845,1766342477,false
2025-12-22,23398,Mon,876,1766416411,1766445021,false
2025-12-23,23392,Tue,519,1766522626,1766523169,false
2025-12-24,23397,Wed,747,1766548298,1766587849,false
2025-12-25,23329,Thu,1156,1766635869,1766683836,false
2025-12-26,23393,Fri,2491,1766720439,1766791167,false
2025-12-27,23399,Sat,1557,1766848311,1766850011,false
2025-12-28,23400,Sun,3067,1766931746,1767023926,false
2025-12-29,23432,Mon,327,1767022759,1767023256,false
2025-12-30,23433,Tue,868,1767106141,1767107048,false
2025-12-31,23429,Wed,1738,1767200052,1767201961,false
2026-01-01,23431,Thu,1022,1767294979,1767297850,false
2026-01-02,23425,Fri,848,1767323077,1767323969,false
2026-01-03,23427,Sat,2654,1767458943,1767490285,false
2026-01-04,23434,Sun,2685,1767544575,1767555018,false
2026-01-05,23451,Mon,356,1767580055,1767648225,false
2026-01-06,23448,Tue,1221,1767711058,1767712772,false
2026-01-07,23446,Wed,806,1767798842,1767845167,false
2026-01-08,23455,Thu,1198,1767900140,1767913419,false
2026-01-09,23456,Fri,1561,1768015164,1768019968,false
2026-01-10,23447,Sat,1569,1768020507,1768022208,false
2026-01-11,23430,Sun,1843,1768091145,1768147781,false
2026-01-12,23481,Mon,511,1768239179,1768239940,false
2026-01-13,23471,Tue,695,1768313839,1768314695,false
2026-01-14,23473,Wed,669,1768419054,1768419794,false
2026-01-15,23472,Thu,1221,1768488934,1768491491,false
2026-01-16,23479,Fri,1664,1768535577,1768660347,false
2026-01-17,23468,Sat,1992,1768670504,1768676143,false
2026-01-18,23478,Sun,2198,1768763546,1768771080,false
2026-01-19,23470,Mon,359,1768787335,1768787821,false
2026-01-20,23492,Tue,507,1768961547,1768962442,false
2026-01-21,23496,Wed,1169,1769017566,1769018772,false
2026-01-22,23493,Thu,1125,1769106594,1769113410,false
2026-01-23,23494,Fri,1786,1769140996,1769216564,false
2026-01-24,23495,Sat,2504,1769266629,1769290881,false
2026-01-25,23498,Sun,1978,1769301868,1769315075,false
2026-01-26,23502,Mon,374,1769394102,1769395022,false
2026-01-27,23503,Tue,547,1769522485,1769535921,false
2026-01-28,23504,Wed,663,1769575679,1769578412,false
2026-01-29,23516,Thu,1135,1769698503,1769706922,false
2026-01-30,23640,Fri,1247,1769790109,1769827447,false
2026-01-31,23507,Sat,1108,1769878955,1769891181,false
2026-02-01,23508,Sun,2303,1769901979,1769926051,false
2026-02-02,23509,Mon,336,1770069291,1770069653,false
2026-02-03,23510,Tue,385,1770127602,1770128054,false
2026-02-04,23511,Wed,633,1770233837,1770240992,false
2026-02-05,23512,Thu,1121,1770308593,1770339367,false
2026-02-06,23513,Fri,1030,1770352627,1770388457,false
2026-02-07,23514,Sat,1886,1770501474,1770503690,false
2026-02-08,23515,Sun,2510,1770516079,1770579511,false
2026-02-09,23637,Mon,376,1770599294,1770599671,false
2026-02-10,23636,Tue,434,1770764534,1770767022,false
2026-02-11,23638,Wed,902,1770830573,1770834598,false
2026-02-12,23639,Thu,1288,1770905366,1770932861,false
2026-02-13,23506,Fri,1293,1770992436,1771013983,false
2026-02-14,23641,Sat,1262,1771077493,1771098019,false
2026-02-15,23642,Sun,2179,1771121463,1771179755,false
2026-02-16,23643,Mon,440,1771264876,1771265484,false
2026-02-17,23671,Tue,498,1771342234,1771342779,false
2026-02-18,23646,Wed,1062,1771431166,1771434620,false
2026-02-19,23672,Thu,633,1771511808,1771523007,false
2026-02-20,23673,Fri,1066,1771559800,1771605849,false
2026-02-21,23651,Sat,1448,1771701518,1771712207,false
2026-02-22,23645,Sun,,,,false
